SET FOREIGN_KEY_CHECKS = 0;

INSERT IGNORE INTO perfil (email, nome, senha) VALUES
                                            ('ana.silva@example.com', 'Ana Silva', 'senha123'),
                                            ('bruno.santos@example.com', 'Bruno Santos', 'bruno88'),
                                            ('carla.oliveira@example.com', 'Carla Oliveira', 'carla!@#'),
                                            ('diego.souza@example.com', 'Diego Souza', 'diego99'),
                                            ('elena.martins@example.com', 'Elena Martins', 'elena_pass'),
                                            ('fabio.costa@example.com', 'Fabio Costa', 'fabio123'),
                                            ('gisele.rocha@example.com', 'Gisele Rocha', 'gigi2024'),
                                            ('hugo.ferreira@example.com', 'Hugo Ferreira', 'hugo_mestre'),
                                            ('isabela.lima@example.com', 'Isabela Lima', 'isa_bella'),
                                            ('joao.vitor@example.com', 'Joao Vitor', 'jv_pass'),
                                            ('lucas.mendes@example.com', 'Lucas Mendes', 'lucas123'),
                                            ('mariana.alves@example.com', 'Mariana Alves', 'mari_alves'),
                                            ('pedro.henrique@example.com', 'Pedro Henrique', 'pedro_sql'),
                                            ('fernanda.lima@example.com', 'Fernanda Lima', 'fer_2024'),
                                            ('ricardo.gomes@example.com', 'Ricardo Gomes', 'ricardo_g'),
                                            ('beatriz.nunes@example.com', 'Beatriz Nunes', 'bea_nunes'),
                                            ('andre.pinto@example.com', 'Andre Pinto', 'andre_p'),
                                            ('juliana.correia@example.com', 'Juliana Correia', 'ju_correia'),
                                            ('marcos.paulo@example.com', 'Marcos Paulo', 'marcos_p'),
                                            ('patricia.melo@example.com', 'Patricia Melo', 'paty_melo'),
                                            ('gabriel.dias@example.com', 'Gabriel Dias', 'gab_dias'),
                                            ('larissa.vieira@example.com', 'Larissa Vieira', 'lari_v'),
                                            ('thiago.silveira@example.com', 'Thiago Silveira', 'thiago_s'),
                                            ('camila.leite@example.com', 'Camila Leite', 'cami_leite'),
                                            ('rafael.marques@example.com', 'Rafael Marques', 'rafa_marques'),
                                            ('leticia.cardoso@example.com', 'Leticia Cardoso', 'let_card'),
                                            ('vinicius.teixeira@example.com', 'Vinicius Teixeira', 'vini_t'),
                                            ('amanda.barros@example.com', 'Amanda Barros', 'ama_barros'),
                                            ('leonardo.freitas@example.com', 'Leonardo Freitas', 'leo_f'),
                                            ('daniela.ribeiro@example.com', 'Daniela Ribeiro', 'dani_rib'),
                                            ('rodrigo.machado@example.com', 'Rodrigo Machado', 'rodrigo_m'),
                                            ('aline.pinto@example.com', 'Aline Pinto', 'aline_p'),
                                            ('caio.batista@example.com', 'Caio Batista', 'caio_b'),
                                            ('tatiane.moraes@example.com', 'Tatiane Moraes', 'tati_m'),
                                            ('felipe.duarte@example.com', 'Felipe Duarte', 'felipe_d'),
                                            ('vanessa.cavalcanti@example.com', 'Vanessa Cavalcanti', 'van_caval'),
                                            ('gustavo.borges@example.com', 'Gustavo Borges', 'gus_borges'),
                                            ('priscila.araujo@example.com', 'Priscila Araujo', 'pri_araujo'),
                                            ('marcelo.rezende@example.com', 'Marcelo Rezende', 'marcelo_r'),
                                            ('renata.guimaraes@example.com', 'Renata Guimaraes', 're_guimaraes'),
                                            ('igor.assuncao@example.com', 'Igor Assuncao', 'igor_a'),
                                            ('monica.lopes@example.com', 'Monica Lopes', 'monica_l'),
                                            ('vitor.nascimento@example.com', 'Vitor Nascimento', 'vitor_n'),
                                            ('sabrina.paiva@example.com', 'Sabrina Paiva', 'sab_paiva'),
                                            ('alexandre.cunha@example.com', 'Alexandre Cunha', 'alex_cunha'),
                                            ('caroline.borges@example.com', 'Caroline Borges', 'carol_b'),
                                            ('eduardo.andrade@example.com', 'Eduardo Andrade', 'edu_andrade'),
                                            ('bianca.farias@example.com', 'Bianca Farias', 'bia_farias'),
                                            ('samuel.leal@example.com', 'Samuel Leal', 'sam_leal'),
                                            ('debora.peixoto@example.com', 'Debora Peixoto', 'deb_peixoto'),
                                            ('matheus.aguiar@example.com', 'Matheus Aguiar', 'mat_aguiar'),
                                            ('natalia.vargas@example.com', 'Natalia Vargas', 'nat_vargas'),
                                            ('arthur.maia@example.com', 'Arthur Maia', 'arthur_m'),
                                            ('lorena.neves@example.com', 'Lorena Neves', 'lore_neves'),
                                            ('caio.moura@example.com', 'Caio Moura', 'caio_moura'),
                                            ('julia.sales@example.com', 'Julia Sales', 'julia_sales'),
                                            ('douglas.moraes@example.com', 'Douglas Moraes', 'doug_m'),
                                            ('milena.porto@example.com', 'Milena Porto', 'milena_p'),
                                            ('sergio.ramos@example.com', 'Sergio Ramos', 'sergio_r'),
                                            ('elisa.figueiredo@example.com', 'Elisa Figueiredo', 'elisa_f'),
                                            ('otavio.braga@example.com', 'Otavio Braga', 'otavio_b'),
                                            ('clara.mesquita@example.com', 'Clara Mesquita', 'clara_m'),
                                            ('nicolas.antunes@example.com', 'Nicolas Antunes', 'nico_a'),
                                            ('mirella.campos@example.com', 'Mirella Campos', 'mirella_c'),
                                            ('fabricio.queiroz@example.com', 'Fabricio Queiroz', 'fabri_q'),
                                            ('heloisa.medeiros@example.com', 'Heloisa Medeiros', 'helo_m'),
                                            ('jorge.valente@example.com', 'Jorge Valente', 'jorge_v'),
                                            ('alice.bezerra@example.com', 'Alice Bezerra', 'alice_b'),
                                            ('murilo.correia@example.com', 'Murilo Correia', 'murilo_c'),
                                            ('isabel.quintana@example.com', 'Isabel Quintana', 'isabel_q'),
                                            ('raul.seixas@example.com', 'Raul Seixas', 'raul_s'),
                                            ('rebeca.teles@example.com', 'Rebeca Teles', 'rebeca_t'),
                                            ('hudson.melo@example.com', 'Hudson Melo', 'hudson_m'),
                                            ('lara.fontes@example.com', 'Lara Fontes', 'lara_f'),
                                            ('willian.santos@example.com', 'Willian Santos', 'will_s'),
                                            ('stefany.souza@example.com', 'Stefany Souza', 'stef_s'),
                                            ('yago.oliveira@example.com', 'Yago Oliveira', 'yago_o'),
                                            ('ester.silva@example.com', 'Ester Silva', 'ester_s'),
                                            ('danilo.franca@example.com', 'Danilo Franca', 'danilo_f'),
                                            ('kelly.piva@example.com', 'Kelly Piva', 'kelly_p'),
                                            ('ronaldo.nazario@example.com', 'Ronaldo Nazario', 'ronaldo_n'),
                                            ('adriana.lima@example.com', 'Adriana Lima', 'adri_lima'),
                                            ('moises.batista@example.com', 'Moises Batista', 'moises_b'),
                                            ('viviane.araujo@example.com', 'Viviane Araujo', 'vivi_a'),
                                            ('caio.castro@example.com', 'Caio Castro', 'caio_c'),
                                            ('bruna.marquezine@example.com', 'Bruna Marquezine', 'bruna_m'),
                                            ('luan.santana@example.com', 'Luan Santana', 'luan_s'),
                                            ('anitta.machado@example.com', 'Anitta Machado', 'anitta_m'),
                                            ('neymar.jr@example.com', 'Neymar Jr', 'neymar_j'),
                                            ('paola.oliveira@example.com', 'Paola Oliveira', 'paola_o'),
                                            ('claudia.leitte@example.com', 'Claudia Leitte', 'claudia_l'),
                                            ('ivete.sangalo@example.com', 'Ivete Sangalo', 'ivete_s'),
                                            ('thiaguinho.melo@example.com', 'Thiaguinho Melo', 'thiago_m'),
                                            ('ludmilla.oliveira@example.com', 'Ludmilla Oliveira', 'lud_o'),
                                            ('pabllo.vittar@example.com', 'Pabllo Vittar', 'pabllo_v'),
                                            ('iza.pesqueira@example.com', 'Iza Pesqueira', 'iza_p'),
                                            ('dj.alok@example.com', 'Dj Alok', 'alok_dj'),
                                            ('whindersson.nunes@example.com', 'Whindersson Nunes', 'whind_n'),
                                            ('maisa.silva@example.com', 'Maisa Silva', 'maisa_s'),
                                            ('felipe.neto@example.com', 'Felipe Neto', 'felipe_n');

INSERT INTO publicacao (id_perfil, legenda) VALUES
                                            (1, 'Curtindo o dia! ☀️'),
                                            (2, 'Trabalhando em um novo projeto 🚀'),
                                            (3, 'Nada melhor que um café pela manhã ☕'),
                                            (4, 'Treino pago hoje 💪'),
                                            (5, 'Estudando banco de dados 📚'),
                                            (6, 'Dia de praia 🌊'),
                                            (7, 'Assistindo minha série favorita 🎬'),
                                            (8, 'Partiu academia! 🏋️'),
                                            (9, 'Programando até tarde 💻'),
                                            (10, 'Final de semana chegou! 🎉'),

                                            (11, 'Foco nos estudos 📖'),
                                            (12, 'Dia produtivo 🙌'),
                                            (13, 'Novo desafio aceito 🔥'),
                                            (14, 'Curtindo a família ❤️'),
                                            (15, 'Aprendendo Spring Boot 🌱'),
                                            (16, 'Testando código novo 👨‍💻'),
                                            (17, 'Reunião importante hoje 📊'),
                                            (18, 'Planejando viagem ✈️'),
                                            (19, 'Hora do almoço 🍛'),
                                            (20, 'Atualizando o LinkedIn 😎'),

                                            (21, 'Projeto quase finalizado ✅'),
                                            (22, 'Estudando SQL 🗄️'),
                                            (23, 'Refatorando código 🧠'),
                                            (24, 'Dia de descanso 😌'),
                                            (25, 'Gratidão por hoje 🙏'),
                                            (26, 'Mais um objetivo alcançado 🏆'),
                                            (27, 'Aprendendo algo novo todo dia 📘'),
                                            (28, 'Explorando novas tecnologias 🤖'),
                                            (29, 'Dia corrido 😅'),
                                            (30, 'Organizando tarefas 📋'),

                                            (31, 'Deploy realizado com sucesso 🚀'),
                                            (32, 'Debugando erros 🐞'),
                                            (33, 'Revisando commits 🔍'),
                                            (34, 'Sprint finalizada 🏁'),
                                            (35, 'Brainstorming de ideias 💡'),
                                            (36, 'A vida é código 💻'),
                                            (37, 'Persistência é tudo 💥'),
                                            (38, 'Configurando ambiente ⚙️'),
                                            (39, 'Reunião com o time 👥'),
                                            (40, 'Estudando JPA 📘'),

                                            (41, 'Criando novas conexões 🤝'),
                                            (42, 'Dia de leitura 📚'),
                                            (43, 'Aprimorando habilidades 🎯'),
                                            (44, 'Testes passando ✅'),
                                            (45, 'Café e código ☕💻'),
                                            (46, 'Reflexão do dia 🤔'),
                                            (47, 'Novas metas traçadas 📌'),
                                            (48, 'Ajustando detalhes 🔧'),
                                            (49, 'Aprendizado constante 📈'),
                                            (50, 'Nunca pare de evoluir 🚀'),
                                            (5, 'Começando a semana com energia! ⚡'),
                                            (12, 'Estudando novas arquiteturas 🏗️'),
                                            (23, 'Aprendendo mais sobre APIs REST 🌐'),
                                            (34, 'Organização é tudo! 📅'),
                                            (45, 'Testando novas funcionalidades 🔍'),
                                            (56, 'Deploy em produção 🚀'),
                                            (67, 'Revisando código antigo 🧹'),
                                            (78, 'Explorando banco de dados 🗃️'),
                                            (89, 'Refatoração concluída ✔️'),
                                            (100, 'Mais um dia produtivo 💼'),

                                            (3, 'Treinando lógica de programação 🧠'),
                                            (14, 'Implementando autenticação 🔐'),
                                            (25, 'Documentação finalizada 📄'),
                                            (36, 'Criando endpoints novos 🌍'),
                                            (47, 'Estudando segurança da informação 🔒'),
                                            (58, 'Corrigindo bugs 🐛'),
                                            (69, 'Configurando Docker 🐳'),
                                            (80, 'Aprendendo sobre microserviços 🔧'),
                                            (91, 'Integração concluída 🔄'),
                                            (2, 'Dia intenso de trabalho 💻'),

                                            (17, 'Planejamento da sprint 📊'),
                                            (28, 'Atualizando dependências 📦'),
                                            (39, 'Melhorando performance ⚡'),
                                            (50, 'Analisando métricas 📈'),
                                            (61, 'Criando testes unitários 🧪'),
                                            (72, 'Refinando requisitos 📋'),
                                            (83, 'Estudando padrões de projeto 📐'),
                                            (94, 'Debugando aplicação 🔎'),
                                            (6, 'Aprendendo Git avançado 🌳'),
                                            (18, 'Dia de aprendizado constante 📘'),

                                            (29, 'Reunião estratégica 🤝'),
                                            (40, 'Configurando CI/CD 🔄'),
                                            (51, 'Nova feature liberada 🎉'),
                                            (62, 'Ajustando layout 🎨'),
                                            (73, 'Criando relacionamento no banco 🗄️'),
                                            (84, 'Atualização do sistema 🔔'),
                                            (95, 'Estudo sobre Cloud ☁️'),
                                            (7, 'Dia produtivo demais 💪'),
                                            (19, 'Desafio interessante hoje 🔥'),
                                            (30, 'Hora de codar! 👨‍💻'),

                                            (41, 'Melhorando a arquitetura 🏛️'),
                                            (52, 'Testando integração 🔗'),
                                            (63, 'Deploy noturno 🌙'),
                                            (74, 'Revisão de código feita 👀'),
                                            (85, 'Planejando melhorias 🚧'),
                                            (96, 'Estudando Kubernetes ☸️'),
                                            (8, 'Nova ideia surgindo 💡'),
                                            (20, 'Atualizando documentação 📚'),
                                            (31, 'Organizando backlog 📌'),
                                            (42, 'Foco total no projeto 🎯'),

                                            (53, 'Aprendendo mais sobre JPA 📘'),
                                            (64, 'Modelando banco de dados 🗃️'),
                                            (75, 'Implementando validações ✔️'),
                                            (86, 'Configurando servidor 🖥️'),
                                            (97, 'Dia de testes automatizados 🤖'),
                                            (9, 'Estudo sobre Spring Security 🔐'),
                                            (21, 'Refatorando services 🔄'),
                                            (32, 'Aprendendo mais sobre Hibernate 📚'),
                                            (43, 'Criando migrations 🛠️'),
                                            (54, 'Melhorando queries SQL 🧠'),

                                            (65, 'Projeto evoluindo bem 🚀'),
                                            (76, 'Analisando logs 📜'),
                                            (87, 'Deploy de emergência 🚨'),
                                            (98, 'Nova funcionalidade em andamento 🏗️'),
                                            (10, 'Organização semanal 📆'),
                                            (22, 'Ajustando exceptions ⚠️'),
                                            (33, 'Criando DTOs 🧾'),
                                            (44, 'Mapeando entidades 🗺️'),
                                            (55, 'Estudo sobre Clean Code 📖'),
                                            (66, 'Integração com frontend 🔗'),

                                            (77, 'Melhorando UX 🎨'),
                                            (88, 'Criando documentação Swagger 📘'),
                                            (99, 'Configurando variáveis de ambiente ⚙️'),
                                            (11, 'Testando nova branch 🌿'),
                                            (24, 'Revisão geral no projeto 🔎'),
                                            (35, 'Sprint iniciada 🏁'),
                                            (46, 'Planejamento mensal 📊'),
                                            (57, 'Desafio técnico resolvido 💥'),
                                            (68, 'Implementando paginação 📄'),
                                            (79, 'Aprimorando performance do banco ⚡'),

                                            (90, 'Refatoração completa 🧹'),
                                            (1, 'Nova etapa iniciada 🚀'),
                                            (13, 'Estudando autenticação JWT 🔑'),
                                            (26, 'Criando filtros personalizados 🔍'),
                                            (37, 'Melhorando segurança 🔐'),
                                            (48, 'Analisando feedbacks 📢'),
                                            (59, 'Testes manuais realizados 🧪'),
                                            (70, 'Atualização aplicada com sucesso ✔️'),
                                            (81, 'Projeto quase finalizado 🏆'),
                                            (92, 'Orgulhoso do progresso até aqui 🙌');


INSERT INTO arquivo_midia (id_publicacao, url_midia) VALUES
                                            (1, 'https://picsum.photos/id/10/800/600'),
                                            (2, 'https://picsum.photos/id/0/800/600'),
                                            (3, 'https://picsum.photos/id/20/800/600'),
                                            (4, 'https://picsum.photos/id/22/800/600'),
                                            (5, 'https://picsum.photos/id/48/800/600'),
                                            (6, 'https://picsum.photos/id/124/800/600'),
                                            (7, 'https://picsum.photos/id/225/800/600'),
                                            (8, 'https://picsum.photos/id/319/800/600'),
                                            (9, 'https://picsum.photos/id/180/800/600'),
                                            (10, 'https://picsum.photos/id/338/800/600'),
                                            (11, 'https://picsum.photos/id/24/800/600'),
                                            (12, 'https://picsum.photos/id/26/800/600'),
                                            (13, 'https://picsum.photos/id/342/800/600'),
                                            (14, 'https://picsum.photos/id/445/800/600'),
                                            (15, 'https://picsum.photos/id/60/800/600'),
                                            (16, 'https://picsum.photos/id/160/800/600'),
                                            (17, 'https://picsum.photos/id/386/800/600'),
                                            (18, 'https://picsum.photos/id/412/800/600'),
                                            (19, 'https://picsum.photos/id/429/800/600'),
                                            (20, 'https://picsum.photos/id/390/800/600'),
                                            (21, 'https://picsum.photos/id/251/800/600'),
                                            (22, 'https://picsum.photos/id/101/800/600'),
                                            (23, 'https://picsum.photos/id/119/800/600'),
                                            (24, 'https://picsum.photos/id/152/800/600'),
                                            (25, 'https://picsum.photos/id/155/800/600'),
                                            (26, 'https://picsum.photos/id/164/800/600'),
                                            (27, 'https://picsum.photos/id/201/800/600'),
                                            (28, 'https://picsum.photos/id/202/800/600'),
                                            (29, 'https://picsum.photos/id/214/800/600'),
                                            (30, 'https://picsum.photos/id/219/800/600'),
                                            (31, 'https://picsum.photos/id/250/800/600'),
                                            (32, 'https://picsum.photos/id/274/800/600'),
                                            (33, 'https://picsum.photos/id/281/800/600'),
                                            (34, 'https://picsum.photos/id/304/800/600'),
                                            (35, 'https://picsum.photos/id/311/800/600'),
                                            (36, 'https://picsum.photos/id/348/800/600'),
                                            (37, 'https://picsum.photos/id/353/800/600'),
                                            (38, 'https://picsum.photos/id/364/800/600'),
                                            (39, 'https://picsum.photos/id/376/800/600'),
                                            (40, 'https://picsum.photos/id/392/800/600'),
                                            (41, 'https://picsum.photos/id/431/800/600'),
                                            (42, 'https://picsum.photos/id/433/800/600'),
                                            (43, 'https://picsum.photos/id/442/800/600'),
                                            (44, 'https://picsum.photos/id/452/800/600'),
                                            (45, 'https://picsum.photos/id/453/800/600'),
                                            (46, 'https://picsum.photos/id/465/800/600'),
                                            (47, 'https://picsum.photos/id/473/800/600'),
                                            (48, 'https://picsum.photos/id/488/800/600'),
                                            (49, 'https://picsum.photos/id/524/800/600'),
                                            (50, 'https://picsum.photos/id/525/800/600'),
                                            (51, 'https://picsum.photos/id/526/800/600'),
                                            (52, 'https://picsum.photos/id/527/800/600'),
                                            (53, 'https://picsum.photos/id/528/800/600'),
                                            (54, 'https://picsum.photos/id/529/800/600'),
                                            (55, 'https://picsum.photos/id/530/800/600'),
                                            (56, 'https://picsum.photos/id/531/800/600'),
                                            (57, 'https://picsum.photos/id/532/800/600'),
                                            (58, 'https://picsum.photos/id/533/800/600'),
                                            (59, 'https://picsum.photos/id/534/800/600'),
                                            (60, 'https://picsum.photos/id/535/800/600'),
                                            (61, 'https://picsum.photos/id/536/800/600'),
                                            (62, 'https://picsum.photos/id/537/800/600'),
                                            (63, 'https://picsum.photos/id/538/800/600'),
                                            (64, 'https://picsum.photos/id/539/800/600'),
                                            (65, 'https://picsum.photos/id/541/800/600'),
                                            (66, 'https://picsum.photos/id/542/800/600'),
                                            (67, 'https://picsum.photos/id/543/800/600'),
                                            (68, 'https://picsum.photos/id/544/800/600'),
                                            (69, 'https://picsum.photos/id/545/800/600'),
                                            (70, 'https://picsum.photos/id/546/800/600'),
                                            (71, 'https://picsum.photos/id/547/800/600'),
                                            (72, 'https://picsum.photos/id/548/800/600'),
                                            (73, 'https://picsum.photos/id/549/800/600'),
                                            (74, 'https://picsum.photos/id/550/800/600'),
                                            (75, 'https://picsum.photos/id/551/800/600'),
                                            (76, 'https://picsum.photos/id/552/800/600'),
                                            (77, 'https://picsum.photos/id/553/800/600'),
                                            (78, 'https://picsum.photos/id/554/800/600'),
                                            (79, 'https://picsum.photos/id/555/800/600'),
                                            (80, 'https://picsum.photos/id/556/800/600'),
                                            (81, 'https://picsum.photos/id/557/800/600'),
                                            (82, 'https://picsum.photos/id/558/800/600'),
                                            (83, 'https://picsum.photos/id/559/800/600'),
                                            (84, 'https://picsum.photos/id/560/800/600'),
                                            (85, 'https://picsum.photos/id/562/800/600'),
                                            (86, 'https://picsum.photos/id/563/800/600'),
                                            (87, 'https://picsum.photos/id/564/800/600'),
                                            (88, 'https://picsum.photos/id/565/800/600'),
                                            (89, 'https://picsum.photos/id/566/800/600'),
                                            (90, 'https://picsum.photos/id/567/800/600'),
                                            (91, 'https://picsum.photos/id/568/800/600'),
                                            (92, 'https://picsum.photos/id/569/800/600'),
                                            (93, 'https://picsum.photos/id/570/800/600'),
                                            (94, 'https://picsum.photos/id/571/800/600'),
                                            (95, 'https://picsum.photos/id/572/800/600'),
                                            (96, 'https://picsum.photos/id/573/800/600'),
                                            (97, 'https://picsum.photos/id/574/800/600'),
                                            (98, 'https://picsum.photos/id/575/800/600'),
                                            (99, 'https://picsum.photos/id/576/800/600'),
                                            (100, 'https://picsum.photos/id/577/800/600');


INSERT INTO interacao (id_perfil, id_publicacao) VALUES

                                                     (1,1),(2,2),(3,3),(4,4),(5,5),(6,6),(7,7),(8,8),(9,9),(10,10),
                                                     (11,11),(12,12),(13,13),(14,14),(15,15),(16,16),(17,17),(18,18),(19,19),(20,20),
                                                     (21,21),(22,22),(23,23),(24,24),(25,25),(26,26),(27,27),(28,28),(29,29),(30,30),
                                                     (31,31),(32,32),(33,33),(34,34),(35,35),(36,36),(37,37),(38,38),(39,39),(40,40),
                                                     (41,41),(42,42),(43,43),(44,44),(45,45),(46,46),(47,47),(48,48),(49,49),(50,50),
                                                     (51,51),(52,52),(53,53),(54,54),(55,55),(56,56),(57,57),(58,58),(59,59),(60,60),
                                                     (61,61),(62,62),(63,63),(64,64),(65,65),(66,66),(67,67),(68,68),(69,69),(70,70),
                                                     (71,71),(72,72),(73,73),(74,74),(75,75),(76,76),(77,77),(78,78),(79,79),(80,80),
                                                     (81,81),(82,82),(83,83),(84,84),(85,85),(86,86),(87,87),(88,88),(89,89),(90,90),
                                                     (91,91),(92,92),(93,93),(94,94),(95,95),(96,96),(97,97),(98,98),(99,99),(1,100);

INSERT INTO interacao (id_perfil, id_publicacao) VALUES
(2,1),(3,1),(4,1),(5,1),(6,1),(7,1),(8,1),(9,1),(10,1),(11,1),(12,1),(13,1),(14,1),(15,1),(16,1),(17,1),(18,1),(19,1),(20,1),(21,1),(22,1),(23,1),(24,1),(25,1),(26,1),(27,1),(28,1),(29,1),(30,1),(31,1),(32,1),(33,1),(34,1),(35,1),(36,1),(37,1),(38,1),(39,1),(40,1),(41,1),(42,1),(43,1),(44,1),(45,1),(46,1),(47,1),(48,1),(49,1),(50,1),(51,1),
(1,50),(2,50),(3,50),(4,50),(5,50),(6,50),(7,50),(8,50),(9,50),(10,50),(11,50),(12,50),(13,50),(14,50),(15,50),(16,50),(17,50),(18,50),(19,50),(20,50),(21,50),(22,50),(23,50),(24,50),(25,50),(26,50),(27,50),(28,50),(29,50),(30,50),(31,50),(32,50),(33,50),(34,50),(35,50),(36,50),(37,50),(38,50),(39,50),(40,50),(41,50),(42,50),(43,50),(44,50),(45,50),(46,50),(47,50),(48,50),(49,50),(51,50),
(2,100),(3,100),(4,100),(5,100),(6,100),(7,100),(8,100),(9,100),(10,100),(11,100),(12,100),(13,100),(14,100),(15,100),(16,100),(17,100),(18,100),(19,100),(20,100),(21,100),(22,100),(23,100),(24,100),(25,100),(26,100),(27,100),(28,100),(29,100),(30,100),(31,100),(32,100),(33,100),(34,100),(35,100),(36,100),(37,100),(38,100),(39,100),(40,100),(41,100),(42,100),(43,100),(44,100),(45,100),(46,100),(47,100),(48,100),(49,100),(50,100),(51,100),
(5,2),(5,3),(5,4),(5,5),(5,6),(5,7),(5,8),(5,9),(5,10),

(10,11),(10,12),(10,13),(10,14),(10,15),(10,16),(10,17),(10,18),
(25,19),(25,20),(25,21),(25,22),(25,23),(25,24),(25,25),
(45,26),(45,27),(45,28),(45,29),(45,30),(45,31),(60,32),(60,33),(60,34),(60,35),(60,36),(75,37),(75,38),(75,39),(75,40),
(95,41),(95,42),(95,43),(95,44),(95,45);

INSERT INTO interacao_curtida (id_interacao)
SELECT id_interacao FROM interacao WHERE id_interacao <= 175;

INSERT INTO interacao (id_perfil, id_publicacao) VALUES
                                                     (2,2),(3,2),(4,2),
                                                     (6,3),(7,3),(8,3),
                                                     (9,4),(11,4),(12,4),
                                                     (13,5),(14,5),(15,5),
                                                     (16,6),(17,6),(18,6),
                                                     (19,7),(20,7),(21,7),
                                                     (22,8),(23,8),(24,8),
                                                     (26,9),(27,9),(28,9),
                                                     (29,10),(30,10),(31,10),
                                                     (32,11),(33,11),(34,11),
                                                     (35,12),(36,12),(37,12),
                                                     (38,13),(39,13),(40,13),
                                                     (41,14),(42,14),(43,14),
                                                     (44,15),(46,15),(47,15),
                                                     (48,16),(49,16),(50,16);

INSERT INTO interacao_comentario (id_interacao, texto) VALUES
                                                           (176, 'Show de bola! 👏'), (177, 'Muito bom!'), (178, 'Top demais.'), (179, 'Inspiração pura.'), (180, '🚀🚀🚀'),
                                                           (181, 'Concordo plenamente.'), (182, 'Excelente reflexão.'), (183, 'Manda muito bem!'), (184, 'Foco no objetivo.'), (185, 'Amanhã tem mais!'),
                                                           (186, 'Qual stack você usa?'), (187, 'Java ou Python?'), (188, 'Amei esse post!'), (189, 'Muito sucesso pra você.'), (190, 'Bora pra cima!'),
                                                           (191, 'Dica valiosa.'), (192, 'Aprendendo muito aqui.'), (193, 'Isso ajuda demais.'), (194, 'Obrigado por compartilhar!'), (195, 'Sensacional.'),
                                                           (196, 'No meu código deu erro kkk'), (197, 'Bug fixado?'), (198, 'Docker é vida.'), (199, 'Spring Boot é top.'), (200, 'Café é combustível.'),
                                                           (201, 'Esse dia foi épico!'), (202, 'Melhor café da região.'), (203, 'Deploy na sexta? Corajoso!'), (204, 'Refatorar é preciso.'), (205, 'Trabalho duro sempre vence.'),
                                                           (206, 'Meta batida! 🏆'), (207, 'Quero aprender isso também.'), (208, 'Faz um tutorial disso?'), (209, 'A arquitetura ficou clean.'), (210, 'Melhor post do dia.'),
                                                           (211, 'Arrasou no projeto!'), (212, 'Conexão importante.'), (213, 'Sempre evoluindo.'), (214, 'Exemplo de dedicação.'), (215, 'Orgulho do seu progresso!'),
                                                           (216, 'Brabo demais!'), (217, 'Post de milhões.'), (218, 'Isso salva vidas no dev.'), (219, 'Vou testar isso agora.'), (220, 'Onde compro esse livro?'),
                                                           (221, 'Simples e direto.'), (222, 'Gostei do layout.'), (223, 'Ficou muito rápido.'), (224, 'Cloud é o futuro.'), (225, 'Kubernetes é difícil kkk'),
                                                           (226, 'Boa sorte na jornada!'), (227, 'A persistência compensa.'), (228, 'Massa demais.'), (229, 'Clean code na veia.'), (230, 'Parabéns pela conquista!'),
                                                           (231, 'Isso aí!'), (232, 'Ficou foda.'), (233, 'Vou favoritar esse.'), (234, 'Referência na área.'), (235, 'Bora codar!'),
                                                           (236, 'Qual banco usou aqui?'), (237, 'Postagem muito útil.'), (238, 'Amanhã tem mais trampo.'), (239, 'Sextou com código.'), (240, 'Final de semana produtivo.'),
                                                           (241, 'Legenda perfeita.'), (242, 'Boa vibe!'), (243, 'Projeto incrível.'), (244, 'Merece todo o sucesso.'), (245, 'Excelente exemplo.'),
                                                           (246, 'Top!'), (247, 'Incrível.'), (248, 'Ficou muito bom mesmo.'), (249, 'Impressionante.'), (250, 'Uau! 🔥');

INSERT IGNORE INTO segue (user_seguidor, user_seguido) VALUES
(1,2),(1,3),(1,4),(1,5),(1,6),
(2,3),(2,4),(2,5),(2,6),(2,7),
(3,4),(3,5),(3,6),(3,7),(3,8),
(4,5),(4,6),(4,7),(4,8),(4,9),
(5,6),(5,7),(5,8),(5,9),(5,10),
(6,7),(6,8),(6,9),(6,10),(6,11),
(7,8),(7,9),(7,10),(7,11),(7,12),
(8,9),(8,10),(8,11),(8,12),(8,13),
(9,10),(9,11),(9,12),(9,13),(9,14),
(10,11),(10,12),(10,13),(10,14),(10,15),
(11,12),(11,13),(11,14),(11,15),(11,16),
(12,13),(12,14),(12,15),(12,16),(12,17),
(13,14),(13,15),(13,16),(13,17),(13,18),
(14,15),(14,16),(14,17),(14,18),(14,19),
(15,16),(15,17),(15,18),(15,19),(15,20),
(16,17),(16,18),(16,19),(16,20),(16,21),
(17,18),(17,19),(17,20),(17,21),(17,22),
(18,19),(18,20),(18,21),(18,22),(18,23),
(19,20),(19,21),(19,22),(19,23),(19,24),
(20,21),(20,22),(20,23),(20,24),(20,25),
(21,22),(21,23),(21,24),(21,25),(21,26),
(22,23),(22,24),(22,25),(22,26),(22,27),
(23,24),(23,25),(23,26),(23,27),(23,28),
(24,25),(24,26),(24,27),(24,28),(24,29),
(25,26),(25,27),(25,28),(25,29),(25,30),
(26,27),(26,28),(26,29),(26,30),(26,31),
(27,28),(27,29),(27,30),(27,31),(27,32),
(28,29),(28,30),(28,31),(28,32),(28,33),
(29,30),(29,31),(29,32),(29,33),(29,34),
(30,31),(30,32),(30,33),(30,34),(30,35),
(31,32),(31,33),(31,34),(31,35),(31,36),
(32,33),(32,34),(32,35),(32,36),(32,37),
(33,34),(33,35),(33,36),(33,37),(33,38),
(34,35),(34,36),(34,37),(34,38),(34,39),
(35,36),(35,37),(35,38),(35,39),(35,40),
(36,37),(36,38),(36,39),(36,40),(36,41),
(37,38),(37,39),(37,40),(37,41),(37,42),
(38,39),(38,40),(38,41),(38,42),(38,43),
(39,40),(39,41),(39,42),(39,43),(39,44),
(40,41),(40,42),(40,43),(40,44),(40,45),

(1,95),(2,95),(3,95),(4,95),(5,95),(6,95),(7,95),(8,95),
(9,96),(10,96),(11,96),(12,96),(13,96),(14,96),(15,96),
(16,97),(17,97),(18,97),(19,97),(20,97),(21,97),
(22,98),(23,98),(24,98),(25,98),(26,98),
(27,99),(28,99),(29,99),(30,99),(31,99),
(32,100),(33,100),(34,100),(35,100),

(2,1),(4,3),(6,5),(8,7),(10,9),
(21,20),(31,30),
(50,51),(51,50),
(60,61),(61,60),
(70,71),(71,70),

(12,45),(13,22),(14,60),(15,33),
(16,44),(17,12),(18,90),(19,73),
(22,11),(23,77),(24,66),(25,14),
(26,52),(27,35),(28,88),(29,41),
(32,18),(33,25),(34,72),(35,53),
(36,19),(37,58),(38,84),(39,63),
(40,27),(41,36),(42,17),(43,29),
(44,70),(45,31),(46,82),(47,67),
(48,23),(49,75),(52,38),(53,16),
(54,91),(55,62),(56,80),(57,49),
(58,68),(59,24),(62,47),(63,32),
(64,74),(65,39),(66,20),(67,54),
(68,15),(69,92),(72,57),(73,46),
(74,83),(75,34),(76,64),(77,48),
(78,59),(79,69),(80,26),(81,93),
(82,37),(83,55),(84,28),(85,94),
(86,40),(87,76),(88,43),(89,65),
(90,30),(91,78),(92,50),(93,79),
(94,81),

(10,50),(10,60),(10,70),(10,80),
(25,55),(25,65),(25,75),
(45,85),(45,95),(45,96),
(60,95),(61,96),(62,97),
(75,99),(76,100),(81,95),(82,96);

INSERT INTO conversa (id_conversa)
SELECT ROW_NUMBER() OVER() FROM segue;

INSERT INTO participa (id_perfil, id_conversa)
SELECT user_seguidor, ROW_NUMBER() OVER() FROM segue;

INSERT INTO participa (id_perfil, id_conversa)
SELECT user_seguido, ROW_NUMBER() OVER() FROM segue;


INSERT INTO mensagem (id_conversa, id_perfil, conteudo) VALUES
                                                            (1, 1, 'Oi Bruno! Vi sua foto nova, ficou show!'),
                                                            (1, 2, 'Valeu Ana! Foi naquela trilha que te falei.'),
                                                            (1, 1, 'Depois me manda a localização?'),
                                                            (2, 3, 'Carla, você viu o prazo do projeto?'),
                                                            (2, 4, 'Vi sim, Diego. Vamos focar amanhã?'),
                                                            (2, 3, 'Fechado!'),
                                                            (11, 1, 'Bom dia grupo! Alguém anima um café hoje?'),
                                                            (11, 2, 'Eu topo!'),
                                                            (11, 3, 'Tô dentro também.'),
                                                            (11, 4, 'Se for depois das 18h, eu vou.'),
                                                            (12, 10, 'A reunião foi adiada para segunda, pessoal.'),
                                                            (12, 11, 'Obrigado por avisar, João.'),
                                                            (13, 50, 'Mãe, não esquece de levar o bolo!'),
                                                            (13, 51, 'Pode deixar, Matheus.'),
                                                            (15, 90, 'Quem vai pro jogo hoje?'),
                                                            (15, 91, 'Eu vou!'),
                                                            (15, 92, 'Tô confirmado.'),
                                                            (15, 93, 'Vou chegar 10 min atrasado.'),
                                                            (3, 5, 'Elena, você tem o link da aula?'),
                                                            (3, 6, 'Tenho sim, vou te mandar no privado.'),
                                                            (4, 7, 'Gisele, parabéns pelo aniversário!'),
                                                            (4, 8, 'Obrigada, Hugo! Saudades.'),
                                                            (5, 9, 'Isa, me empresta aquele livro?'),
                                                            (5, 10, 'Claro, passo aí entregar hoje.'),
                                                            (6, 11, 'Lucas, já viu os preços das passagens?'),
                                                            (6, 12, 'Tão caros, melhor esperar a Black Friday.'),
                                                            (7, 13, 'Pedro, cadê você?'),
                                                            (7, 14, 'Tô no engarrafamento, chego em 5 min.'),
                                                            (8, 15, 'Ricardo, terminou o deploy?'),
                                                            (8, 16, 'Quase! Só falta testar o Docker.'),
                                                            (9, 17, 'Andre, bora jogar um CS?'),
                                                            (9, 18, 'Bora, entra lá no Discord.'),
                                                            (10, 19, 'Marcos, você viu a nova atualização do app?'),
                                                            (10, 20, 'Ficou bem mais rápido agora.'),
                                                            (11, 1, 'Combinado então, 18:30 no shopping!'),
                                                            (11, 4, 'Perfeito!'),
                                                            (14, 80, 'Alguém entendeu a questão 5 de SQL?'),
                                                            (14, 81, 'Eu fiz usando JOIN, quer ver?'),
                                                            (14, 82, 'Manda aqui no grupo, Rebeca.'),
                                                            (14, 80, 'Valeu, salvou muito!'),
                                                            (1, 2, 'Ana, acabei de te mandar o mapa.'),
                                                            (1, 1, 'Recebi aqui, valeu!'),
                                                            (12, 12, 'Alguém tem a ata da última reunião?'),
                                                            (12, 10, 'Tá no Drive da empresa.'),
                                                            (15, 90, 'Reservado o campo das 20h.'),
                                                            (15, 91, 'Boa!'),
                                                            (13, 52, 'Que horas começa o jantar?'),
                                                            (13, 50, 'Às 20:30.'),
                                                            (13, 51, 'Estaremos lá.'),
                                                            (10, 19, 'Vou testar as novas funções agora.'),
                                                            (1, 2, 'Leva repelente, Ana! Tinha muito mosquito lá.'),
                                                            (1, 1, 'Bem lembrado, valeu pela dica!'),

                                                            (2, 4, 'Diego, subi as alterações no Git. Dá uma olhada?'),
                                                            (2, 3, 'Vou revisar agora mesmo.'),

                                                            (16, 16, 'Cara, seu post sobre Spring Boot me salvou hoje!'),
                                                            (16, 17, 'Que bom que ajudou! O erro era na anotação?'),
                                                            (17, 17, 'Sim, esqueci do @Service. Coisa de iniciante kkk'),
                                                            (18, 18, 'Alguém mais está tendo instabilidade no AWS hoje?'),
                                                            (18, 19, 'Aqui o S3 está bem lento também.'),
                                                            (19, 20, 'Foco total no curso de Kubernetes, galera!'),
                                                            (20, 21, 'Alguém indica um monitor bom para programar?'),

                                                            (31, 31, 'Parabéns pelo novo cargo! Vi no LinkedIn.'),
                                                            (31, 32, 'Muito obrigado! Foram meses de estudo pesado.'),
                                                            (35, 35, 'Vi que você trabalha com React. Aceita freela?'),
                                                            (35, 36, 'Depende do projeto, me conta mais no privado.'),
                                                            (40, 40, 'Como está a performance desse novo banco de dados?'),
                                                            (40, 41, 'Reduziu o tempo de resposta em 40%, incrível.'),

                                                            (51, 5, 'Segunda-feira é dia de leg day, não foge!'),
                                                            (51, 6, 'Já estou na porta da academia, cadê você?'),
                                                            (55, 12, 'A Black Friday desse ano está meio fraca, né?'),
                                                            (55, 11, 'Total, "tudo pela metade do dobro" kkk'),
                                                            (60, 60, 'Mãe, avisa o Matheus que chego atrasado pro jantar.'),
                                                            (60, 51, 'Aviso sim, vem com cuidado.'),

                                                            (71, 71, 'Mano, achei o bug! Era um ponto e vírgula perdido.'),
                                                            (72, 72, 'Sempre é o ponto e vírgula... faz parte da vida.'),
                                                            (85, 85, 'Alguém tem um template de currículo para Dev Junior?'),
                                                            (85, 86, 'Tenho um no Canva, vou te mandar o link.'),
                                                            (90, 90, 'O deploy em produção foi liso?'),
                                                            (90, 91, 'Dessa vez sim, sem sustos na sexta-feira.'),
                                                            (99, 99, 'Configurou as variáveis de ambiente no Docker?'),
                                                            (100, 100, 'Tudo pronto, sistema rodando redondo.'),

                                                            (25, 25, 'Passando para desejar uma boa semana!'),
                                                            (26, 27, 'Valeu! Pra você também.'),
                                                            (33, 33, 'Aquela lib que você indicou é sensacional.'),
                                                            (44, 44, 'Partiu café?'),
                                                            (45, 45, 'Só se for agora!'),
                                                            (52, 53, 'Dúvida rápida: como faz o mapeamento OneToMany?'),
                                                            (52, 52, 'Usa a anotação @OneToMany com o mappedBy.'),
                                                            (67, 68, 'O curso de inglês que você faz é bom?'),
                                                            (67, 67, 'Muito! O foco é total em conversação.'),
                                                            (78, 79, 'Bora marcar aquele Happy Hour do time?'),
                                                            (78, 80, 'Pode ser quinta na padaria da esquina?'),
                                                            (81, 81, 'Fechado, vejo vocês lá!'),
                                                            (14, 82, 'Rebeca, já mandou o link do JOIN no grupo?'),
                                                            (14, 81, 'Mandei agora, está lá no topo.'),
                                                            (15, 92, 'Levem água, o campo hoje vai estar quente.'),
                                                            (15, 90, 'Boa, já coloquei as garrafas no gelo.');

SET FOREIGN_KEY_CHECKS = 1;